{"cameraMode":{"drawMode":0,"name":"Shaded","section":"Shading Mode"},"sceneLighting":false,"audioPlay":false,"sceneViewState":{"showFog":true,"showMaterialUpdate":false,"showSkybox":false,"showFlares":true,"showImageEffects":true,"showParticleSystems":true},"in2DMode":false,"pivot":{"x":1.4726791381835938,"y":574.1839599609375,"z":-401.4073181152344},"rotation":{"x":-0.47005605697631838,"y":0.002097005257382989,"z":-0.0012085953494533897,"w":-0.8827383518218994},"size":2.7386131286621095,"orthographic":false}