{"cameraMode":{"drawMode":0,"name":"Shaded","section":"Shading Mode"},"sceneLighting":false,"audioPlay":false,"sceneViewState":{"showFog":true,"showMaterialUpdate":false,"showSkybox":false,"showFlares":true,"showImageEffects":true,"showParticleSystems":true},"in2DMode":false,"pivot":{"x":0.8482425808906555,"y":3.171113967895508,"z":-9.057976722717286},"rotation":{"x":-0.3454062044620514,"y":0.08582316339015961,"z":-0.0331447534263134,"w":-0.9340725541114807},"size":1.2247449159622193,"orthographic":false}