{"cameraMode":{"drawMode":0,"name":"Shaded","section":"Shading Mode"},"sceneLighting":false,"audioPlay":false,"sceneViewState":{"showFog":true,"showMaterialUpdate":false,"showSkybox":false,"showFlares":true,"showImageEffects":true,"showParticleSystems":true},"in2DMode":false,"pivot":{"x":35.963844299316409,"y":58.9952392578125,"z":-160.736083984375},"rotation":{"x":-0.12983328104019166,"y":0.809350311756134,"z":-0.19777490198612214,"w":-0.5378106236457825},"size":1.5869489908218384,"orthographic":false}