{"cameraMode":{"drawMode":0,"name":"Shaded","section":"Shading Mode"},"sceneLighting":false,"audioPlay":false,"sceneViewState":{"showFog":true,"showMaterialUpdate":false,"showSkybox":false,"showFlares":true,"showImageEffects":true,"showParticleSystems":true},"in2DMode":false,"pivot":{"x":-36.74683380126953,"y":3.7792956829071047,"z":-9.857854843139649},"rotation":{"x":-0.6353510022163391,"y":-0.024762477725744249,"z":0.020391196012496949,"w":-0.7716808319091797},"size":0.5660282373428345,"orthographic":false}